acceleration_x,acceleration_y,acceleration_z,gyroscope_x,gyroscope_y,gyroscope_z,timestamp,label
4271,-103,-429,-163,-89,21,2024-01-24 15:29:49,0.0
4423,-128,-513,-137,37,6,2024-01-24 15:29:49,0.0
4213,-199,-497,-41,33,-28,2024-01-24 15:29:49,0.0
4324,-78,-607,-25,-94,2,2024-01-24 15:29:49,0.0
4268,-62,-538,-30,-15,-3,2024-01-24 15:29:49,0.0
4088,-73,-575,-47,-349,18,2024-01-24 15:29:49,0.0
4252,-165,-929,26,-458,13,2024-01-24 15:29:49,0.0
4079,-2,-779,56,-609,16,2024-01-24 15:29:49,0.0
4252,-147,-962,93,-569,59,2024-01-24 15:29:49,0.0
4355,154,-1101,68,-227,-1,2024-01-24 15:29:49,0.0
3891,40,-1274,1,-513,40,2024-01-24 15:29:49,0.0
4370,-184,-1497,78,-368,25,2024-01-24 15:29:49,0.0
3613,5,-1644,41,-437,29,2024-01-24 15:29:50,0.0
3754,-361,-1633,230,-411,106,2024-01-24 15:29:50,0.0
3426,-89,-1321,391,-623,79,2024-01-24 15:29:50,0.0
2882,202,-1609,126,-904,207,2024-01-24 15:29:50,0.0
3401,-642,-1218,490,-1137,472,2024-01-24 15:29:50,0.0
3604,-499,-1748,383,-987,174,2024-01-24 15:29:50,0.0
3459,-639,-2081,623,-1097,358,2024-01-24 15:29:50,0.0
3221,-432,-2168,460,-1143,513,2024-01-24 15:29:50,0.0
3318,-970,-2565,174,-1340,301,2024-01-24 15:29:50,0.0
2906,-958,-2796,250,-1326,252,2024-01-24 15:29:50,0.0
2581,-1240,-2867,224,-1456,243,2024-01-24 15:29:50,0.0
3710,-1404,-3958,81,-1305,28,2024-01-24 15:29:50,0.0
2579,-1100,-3678,128,-287,-37,2024-01-24 15:29:50,0.0
2591,-1337,-3826,-161,-64,-93,2024-01-24 15:29:50,0.0
2402,-1203,-3831,-45,-205,13,2024-01-24 15:29:50,0.0
2628,-1359,-4259,2,-39,-40,2024-01-24 15:29:50,0.0
2664,-1452,-4776,94,-30,-88,2024-01-24 15:29:50,0.0
2970,-1656,-5066,-21,102,-160,2024-01-24 15:29:50,0.0
2986,-1439,-5144,-84,288,-98,2024-01-24 15:29:51,0.0
3088,-1259,-4765,-203,406,-60,2024-01-24 15:29:51,0.0
3203,-1135,-4302,-290,756,-86,2024-01-24 15:29:51,0.0
3463,-983,-3722,-397,1059,-168,2024-01-24 15:29:51,0.0
3290,-782,-3113,-529,1308,-206,2024-01-24 15:29:51,0.0
3027,-432,-2484,-651,1429,-254,2024-01-24 15:29:51,0.0
2875,-276,-1964,-802,1574,-336,2024-01-24 15:29:51,0.0
2664,-277,-1396,-789,1338,-152,2024-01-24 15:29:51,0.0
3127,-55,-1355,-886,1114,-193,2024-01-24 15:29:51,0.0
3230,-77,-1397,-893,1111,20,2024-01-24 15:29:51,0.0
2962,-305,-1219,-679,1257,41,2024-01-24 15:29:51,0.0
3393,-289,-1143,-327,558,104,2024-01-24 15:29:51,0.0
3646,52,-1525,-285,456,-103,2024-01-24 15:29:51,0.0
4490,-390,-1813,-79,289,-20,2024-01-24 15:29:51,0.0
4389,-181,-1269,108,737,-167,2024-01-24 15:29:51,0.0
4094,61,-796,61,643,-144,2024-01-24 15:29:51,0.0
4208,311,-848,-74,354,-41,2024-01-24 15:29:51,0.0
4068,221,-802,-190,201,93,2024-01-24 15:29:51,0.0
4252,-3,-545,-241,-79,116,2024-01-24 15:29:52,0.0
4286,-19,-748,-77,-68,106,2024-01-24 15:29:52,0.0
4128,-99,-655,149,-94,118,2024-01-24 15:29:52,0.0
4141,-9,-750,268,-217,75,2024-01-24 15:29:52,0.0
4293,-93,-753,389,-252,36,2024-01-24 15:29:52,0.0
4137,28,-1041,344,-409,12,2024-01-24 15:29:52,0.0
4420,4,-1149,241,-266,85,2024-01-24 15:29:52,0.0
3986,-144,-1185,341,-453,86,2024-01-24 15:29:52,0.0
3282,51,-494,198,-542,69,2024-01-24 15:29:52,0.0
4283,-69,-1467,309,-1661,123,2024-01-24 15:29:52,0.0
4485,-600,-1732,361,-570,-181,2024-01-24 15:29:52,0.0
3057,356,-1357,264,-1204,-99,2024-01-24 15:29:52,0.0
3349,-275,-1771,343,-1621,304,2024-01-24 15:29:52,0.0
3046,-674,-2058,411,-1734,138,2024-01-24 15:29:52,0.0
2884,-368,-2064,742,-1662,121,2024-01-24 15:29:52,0.0
2790,-686,-2461,974,-2101,252,2024-01-24 15:29:52,0.0
2495,-106,-2692,853,-2210,413,2024-01-24 15:29:52,0.0
2780,-1239,-3809,627,-2406,452,2024-01-24 15:29:53,0.0
2438,-1054,-4122,508,-1629,211,2024-01-24 15:29:53,0.0
1817,-1867,-4412,417,-773,122,2024-01-24 15:29:53,0.0
1803,-1488,-4768,232,155,48,2024-01-24 15:29:53,0.0
1523,-1602,-4417,128,61,67,2024-01-24 15:29:53,0.0
1592,-1649,-4416,-85,28,43,2024-01-24 15:29:53,0.0
1477,-1646,-4303,-52,-265,24,2024-01-24 15:29:53,0.0
1483,-1699,-4296,-28,-49,20,2024-01-24 15:29:53,0.0
1571,-1751,-4331,-72,146,6,2024-01-24 15:29:53,0.0
1826,-1932,-5007,-160,353,49,2024-01-24 15:29:54,0.0
1817,-1738,-4646,-293,449,22,2024-01-24 15:29:54,0.0
3255,-254,-1933,-520,961,-17,2024-01-24 15:29:54,0.0
3526,-211,-1940,-428,895,40,2024-01-24 15:29:54,0.0
3396,-84,-1591,-352,821,20,2024-01-24 15:29:54,0.0
3747,-304,-1816,-371,335,-20,2024-01-24 15:29:54,0.0
3802,-132,-1811,-347,668,-46,2024-01-24 15:29:54,0.0
3813,-124,-1336,-289,348,-9,2024-01-24 15:29:54,0.0
4146,-296,-1792,-238,305,-72,2024-01-24 15:29:54,0.0
3928,24,-1149,-170,240,-14,2024-01-24 15:29:54,0.0
4290,-45,-1348,-227,101,-31,2024-01-24 15:29:54,0.0
4210,-28,-988,-190,343,-9,2024-01-24 15:29:54,0.0
4065,-173,-1008,-213,25,8,2024-01-24 15:29:54,0.0
4098,-103,-1070,-118,140,-15,2024-01-24 15:29:54,0.0
4083,77,-1040,-56,-45,-71,2024-01-24 15:29:54,0.0
4465,546,-1053,-64,93,8,2024-01-24 15:29:54,0.0
4066,93,-1080,-6,-120,46,2024-01-24 15:29:54,0.0
4150,274,-1340,18,-170,104,2024-01-24 15:29:54,0.0
4028,151,-1622,106,-235,171,2024-01-24 15:29:55,0.0
3614,-319,-1462,330,-451,161,2024-01-24 15:29:55,0.0
3408,-87,-1761,458,-1171,45,2024-01-24 15:29:55,0.0
2655,40,-1135,594,-1405,96,2024-01-24 15:29:55,0.0
3321,-527,-2297,749,-2554,222,2024-01-24 15:29:55,0.0
2801,27,-1681,542,-1598,146,2024-01-24 15:29:55,0.0
3356,85,-1858,585,-2435,632,2024-01-24 15:29:55,0.0
3537,-1228,-3663,558,-2900,1075,2024-01-24 15:29:55,
2004,-798,-2729,503,-2434,473,2024-01-24 15:29:55,0.0
2902,-1432,-4471,477,-2183,237,2024-01-24 15:29:55,0.0
1055,-960,-3899,15,-1435,185,2024-01-24 15:29:55,0.0
1354,-1822,-4692,183,-1361,82,2024-01-24 15:29:55,0.0
637,-1333,-4474,28,-1107,-10,2024-01-24 15:29:55,0.0
502,-1683,-4626,49,-880,-133,2024-01-24 15:29:55,0.0
22,-1361,-4765,-138,-638,-121,2024-01-24 15:29:55,0.0
-53,-1418,-4529,-79,-548,-161,2024-01-24 15:29:55,0.0
-193,-1750,-4901,61,-76,-186,2024-01-24 15:29:55,0.0
-141,-1855,-5429,-80,249,-121,2024-01-24 15:29:55,0.0
107,-1765,-5586,-127,820,-105,2024-01-24 15:29:56,0.0
632,-1672,-5328,-277,1356,-151,2024-01-24 15:29:56,0.0
885,-1363,-4666,-282,1840,-169,2024-01-24 15:29:56,0.0
1471,-922,-4494,-389,2114,-248,2024-01-24 15:29:56,0.0
1860,-1267,-3893,-319,2608,-425,2024-01-24 15:29:56,0.0
2245,-812,-3507,-471,1886,-349,2024-01-24 15:29:56,0.0
2470,-611,-3029,-633,1744,-328,2024-01-24 15:29:56,0.0
3066,-539,-2852,-800,1659,-325,2024-01-24 15:29:56,0.0
2746,-268,-2238,-560,1604,-197,2024-01-24 15:29:56,0.0
2861,-359,-1808,-493,1322,-20,2024-01-24 15:29:56,0.0
2877,-310,-1619,-452,811,-45,2024-01-24 15:29:56,0.0
3379,-852,-1973,-462,982,87,2024-01-24 15:29:56,0.0
3214,-337,-1625,-438,531,-234,2024-01-24 15:29:56,0.0
3921,-321,-2033,-179,661,-86,2024-01-24 15:29:56,0.0
3483,414,-1764,-239,843,-181,2024-01-24 15:29:56,0.0
3791,417,-1905,-403,636,-79,2024-01-24 15:29:56,0.0
3908,47,-1671,-199,903,43,2024-01-24 15:29:56,0.0
4311,435,-1265,-78,513,115,2024-01-24 15:29:57,0.0
4030,348,-1155,-265,710,25,2024-01-24 15:29:57,0.0
4142,3,-1042,-97,357,44,2024-01-24 15:29:57,0.0
4150,187,-640,-84,277,-30,2024-01-24 15:29:57,0.0
4132,233,-424,-36,-224,59,2024-01-24 15:29:57,0.0
4269,42,-802,-81,-227,57,2024-01-24 15:29:57,0.0
4211,15,-789,-38,-271,57,2024-01-24 15:29:57,0.0
4306,-44,-885,50,-190,78,2024-01-24 15:29:57,0.0
4182,-112,-882,103,-269,20,2024-01-24 15:29:57,0.0
4164,-62,-926,200,-429,-1,2024-01-24 15:29:57,0.0
4183,-35,-1168,179,-440,-9,2024-01-24 15:29:57,0.0
4248,-135,-1244,230,-387,-12,2024-01-24 15:29:57,0.0
4108,-148,-1138,287,-391,3,2024-01-24 15:29:57,0.0
4173,180,-1408,181,-453,2,2024-01-24 15:29:57,0.0
4243,-139,-1511,74,-267,91,2024-01-24 15:29:57,0.0
3774,-355,-1709,68,-496,-21,2024-01-24 15:29:57,0.0
3706,-252,-2087,232,-431,-25,2024-01-24 15:29:57,0.0
3225,-188,-1880,265,-622,38,2024-01-24 15:29:57,0.0
3201,-104,-1797,239,-972,-78,2024-01-24 15:29:58,0.0
3363,-28,-2403,278,-1352,181,2024-01-24 15:29:58,0.0
2901,-22,-1687,136,-1245,257,2024-01-24 15:29:58,0.0
3681,-396,-2239,426,-1503,573,2024-01-24 15:29:58,0.0
3395,-541,-3309,399,-2067,589,2024-01-24 15:29:58,0.0
2912,-750,-2541,542,-1163,519,2024-01-24 15:29:58,0.0
2643,-907,-3040,509,-2087,505,2024-01-24 15:29:58,0.0
2143,-1115,-3282,497,-1944,379,2024-01-24 15:29:58,0.0
2188,-1128,-3926,116,-1053,62,2024-01-24 15:29:58,0.0
1589,-1458,-4201,395,-1227,145,2024-01-24 15:29:58,0.0
1116,-1088,-4269,51,-1174,101,2024-01-24 15:29:58,0.0
1145,-1803,-4614,130,-878,-18,2024-01-24 15:29:58,0.0
865,-1490,-4620,1,-620,90,2024-01-24 15:29:58,0.0
628,-1848,-4587,182,-333,15,2024-01-24 15:29:58,0.0
484,-1786,-4554,52,-265,49,2024-01-24 15:29:58,0.0
373,-1661,-4300,67,-183,67,2024-01-24 15:29:58,0.0
461,-1761,-4470,8,93,103,2024-01-24 15:29:58,0.0
543,-1865,-4628,-38,323,95,2024-01-24 15:29:59,0.0
696,-1685,-4586,-139,570,98,2024-01-24 15:29:59,0.0
911,-1422,-4355,-222,842,67,2024-01-24 15:29:59,0.0
1161,-1402,-4132,-379,1225,-38,2024-01-24 15:29:59,0.0
1562,-1416,-4142,-444,1379,-157,2024-01-24 15:29:59,0.0
2003,-1342,-4149,-500,1476,-266,2024-01-24 15:29:59,0.0
2266,-1234,-3634,-515,1727,-479,2024-01-24 15:29:59,0.0
2097,-879,-3132,-459,1527,-499,2024-01-24 15:29:59,0.0
2505,-536,-3115,-501,1315,-463,2024-01-24 15:29:59,0.0
3074,-482,-2783,-535,1601,-417,2024-01-24 15:29:59,0.0
2999,-355,-2489,-429,1331,-287,2024-01-24 15:29:59,0.0
3334,-413,-2266,-468,1350,-248,2024-01-24 15:29:59,0.0
3472,-288,-2100,-363,1394,-242,2024-01-24 15:29:59,0.0
3327,-204,-1568,-330,1411,-213,2024-01-24 15:29:59,0.0
3548,-124,-1508,-167,753,-30,2024-01-24 15:29:59,0.0
3833,-44,-1605,-281,682,-93,2024-01-24 15:29:59,0.0
3842,244,-1519,-346,572,-15,2024-01-24 15:29:59,0.0
3871,-157,-1398,-444,457,44,2024-01-24 15:29:59,0.0
4289,-245,-1188,-305,253,38,2024-01-24 15:30:00,0.0
4262,77,-1076,-330,473,-83,2024-01-24 15:30:00,0.0
4223,-82,-835,-234,562,-30,2024-01-24 15:30:00,0.0
4186,24,-818,-135,194,-18,2024-01-24 15:30:00,0.0
4106,50,-584,-97,156,-46,2024-01-24 15:30:00,0.0
4264,26,-900,-42,-105,-9,2024-01-24 15:30:00,0.0
4304,38,-840,-38,23,-38,2024-01-24 15:30:00,0.0
4055,288,-864,42,72,34,2024-01-24 15:30:00,0.0
4266,149,-649,-27,253,68,2024-01-24 15:30:00,0.0
4294,333,-337,-30,244,106,2024-01-24 15:30:00,0.0
4407,211,-416,-59,-129,17,2024-01-24 15:30:00,0.0
4178,229,-650,-20,-183,10,2024-01-24 15:30:00,0.0
4211,267,-800,-50,-346,46,2024-01-24 15:30:00,0.0
4418,104,-1011,-48,-213,52,2024-01-24 15:30:00,0.0
4343,-63,-1126,9,-14,65,2024-01-24 15:30:00,0.0
3965,-19,-1060,121,-79,86,2024-01-24 15:30:00,0.0
3895,-38,-1151,90,-476,90,2024-01-24 15:30:00,0.0
3006,-48,-1019,226,-1630,222,2024-01-24 15:30:00,0.0
3730,-318,-1499,222,-1890,106,2024-01-24 15:30:01,0.0
4301,276,-2306,229,-1685,168,2024-01-24 15:30:01,
3577,-336,-1814,208,-754,210,2024-01-24 15:30:01,0.0
2952,-584,-1827,360,-934,66,2024-01-24 15:30:01,0.0
2242,-377,-1732,763,-1732,323,2024-01-24 15:30:01,0.0
4137,-155,-3025,654,-1653,289,2024-01-24 15:30:01,0.0
2328,-445,-2539,466,-1634,523,2024-01-24 15:30:01,0.0
3114,-1023,-3445,340,-1833,454,2024-01-24 15:30:01,0.0
2987,-1025,-3521,176,-619,236,2024-01-24 15:30:01,0.0
2084,-1220,-3441,450,-1414,335,2024-01-24 15:30:01,0.0
2075,-1256,-3328,360,-914,148,2024-01-24 15:30:01,0.0
1836,-1486,-3962,157,-743,-47,2024-01-24 15:30:01,0.0
1916,-1276,-4269,129,-755,-139,2024-01-24 15:30:01,0.0
1596,-1460,-4322,-39,-496,-252,2024-01-24 15:30:01,0.0
1449,-1591,-4284,-98,-681,-216,2024-01-24 15:30:01,0.0
1360,-1509,-4287,-60,-276,-127,2024-01-24 15:30:01,0.0
1178,-1505,-4163,-21,-307,-95,2024-01-24 15:30:01,0.0
1245,-1754,-4471,85,-73,-69,2024-01-24 15:30:02,0.0
1507,-2108,-5227,-76,288,-50,2024-01-24 15:30:02,0.0
1599,-1917,-5400,-165,600,30,2024-01-24 15:30:02,0.0
1914,-1647,-5030,-247,889,69,2024-01-24 15:30:02,0.0
2144,-1383,-4578,-406,1420,-34,2024-01-24 15:30:02,0.0
2451,-1194,-3904,-443,1512,-149,2024-01-24 15:30:02,0.0
2727,-1022,-3693,-614,1336,-270,2024-01-24 15:30:02,0.0
2814,-722,-3295,-636,1816,-323,2024-01-24 15:30:02,0.0
2617,-296,-2463,-756,1810,-349,2024-01-24 15:30:02,0.0
2919,-77,-2106,-795,1507,-282,2024-01-24 15:30:02,0.0
3246,-16,-2179,-766,1887,-238,2024-01-24 15:30:02,0.0
2636,-302,-1208,-659,1939,-210,2024-01-24 15:30:02,0.0
2679,-97,-1236,-429,772,-75,2024-01-24 15:30:02,0.0
3484,-483,-1210,-317,443,-8,2024-01-24 15:30:02,0.0
3377,-24,-1681,-260,132,19,2024-01-24 15:30:02,0.0
4516,-624,-2033,-224,238,77,2024-01-24 15:30:02,0.0
4322,-150,-1553,-295,674,-203,2024-01-24 15:30:02,0.0
4044,177,-1018,-441,1004,-103,2024-01-24 15:30:02,0.0
4263,339,-1059,-526,265,-17,2024-01-24 15:30:03,0.0
4122,246,-1195,-471,421,-3,2024-01-24 15:30:03,0.0
3978,-14,-1009,-300,133,25,2024-01-24 15:30:03,0.0
4382,401,-1020,-334,251,5,2024-01-24 15:30:03,0.0
4019,283,-720,-283,51,16,2024-01-24 15:30:03,0.0
4340,335,-627,-219,65,97,2024-01-24 15:30:03,0.0
4239,226,-468,-143,-64,-20,2024-01-24 15:30:03,0.0
4266,282,-495,-11,-55,43,2024-01-24 15:30:03,0.0
4299,404,-682,10,68,-18,2024-01-24 15:30:03,0.0
4317,196,-541,31,-5,26,2024-01-24 15:30:03,0.0
4218,227,-670,77,-1,-34,2024-01-24 15:30:03,0.0
4326,143,-665,153,-61,16,2024-01-24 15:30:03,0.0
4259,174,-668,183,11,-23,2024-01-24 15:30:03,0.0
4274,182,-796,214,-104,31,2024-01-24 15:30:03,0.0
4161,204,-869,227,-182,-8,2024-01-24 15:30:03,0.0
4083,113,-1125,280,-157,127,2024-01-24 15:30:03,0.0
4067,-155,-1284,426,-494,47,2024-01-24 15:30:03,0.0
3726,23,-1434,518,-752,39,2024-01-24 15:30:04,0.0
3300,29,-1633,614,-1260,45,2024-01-24 15:30:04,0.0
3066,141,-1450,545,-1412,-94,2024-01-24 15:30:04,0.0
2893,204,-1352,527,-1918,104,2024-01-24 15:30:04,0.0
3817,173,-2529,569,-2556,321,2024-01-24 15:30:04,0.0
3961,-408,-1670,258,-612,53,2024-01-24 15:30:04,0.0
2214,-340,-2056,768,-2816,636,2024-01-24 15:30:04,0.0
3735,-1155,-3754,551,-1957,302,2024-01-24 15:30:04,0.0
2866,-747,-4040,682,-2141,403,2024-01-24 15:30:04,0.0
2494,-1224,-4222,508,-2279,261,2024-01-24 15:30:04,0.0
1497,-1242,-4228,404,-1347,72,2024-01-24 15:30:04,0.0
1297,-1385,-4581,386,-1629,59,2024-01-24 15:30:04,0.0
856,-1639,-4423,341,-864,-56,2024-01-24 15:30:04,0.0
276,-1371,-4357,322,-763,8,2024-01-24 15:30:04,0.0
324,-1780,-4301,139,-311,49,2024-01-24 15:30:04,0.0
345,-1548,-4386,41,-227,29,2024-01-24 15:30:04,0.0
42,-1753,-4210,-26,17,48,2024-01-24 15:30:04,0.0
277,-1826,-4811,-87,219,30,2024-01-24 15:30:04,0.0
238,-1818,-4935,-140,512,66,2024-01-24 15:30:05,0.0
753,-1681,-4807,-314,863,39,2024-01-24 15:30:05,0.0
930,-1537,-4476,-381,1227,-64,2024-01-24 15:30:05,0.0
1455,-1425,-4339,-451,1559,-192,2024-01-24 15:30:05,0.0
1770,-1455,-4131,-555,1675,-258,2024-01-24 15:30:05,0.0
2281,-1035,-4088,-661,1599,-434,2024-01-24 15:30:05,0.0
2474,-561,-3668,-765,2078,-470,2024-01-24 15:30:05,0.0
2257,-412,-2615,-661,2161,-523,2024-01-24 15:30:05,0.0
2738,-584,-2216,-488,1484,-512,2024-01-24 15:30:05,0.0
3209,-401,-2342,-360,1396,-348,2024-01-24 15:30:05,0.0
3267,-101,-2044,-397,1372,-112,2024-01-24 15:30:05,0.0
3396,-303,-1869,-626,1049,-36,2024-01-24 15:30:05,0.0
3471,-99,-1792,-546,1064,56,2024-01-24 15:30:05,0.0
3507,-363,-1637,-600,819,118,2024-01-24 15:30:05,0.0
3812,-291,-1609,-524,580,69,2024-01-24 15:30:05,0.0
4030,-65,-1792,-444,411,34,2024-01-24 15:30:05,0.0
3883,-21,-1545,-574,478,33,2024-01-24 15:30:05,0.0
3980,57,-1382,-628,472,32,2024-01-24 15:30:06,0.0
4792,291,-1107,-434,532,146,2024-01-24 15:30:06,0.0
3867,171,-902,-242,467,121,2024-01-24 15:30:06,0.0
4070,70,-742,-93,-46,77,2024-01-24 15:30:06,0.0
4377,524,-932,-181,112,77,2024-01-24 15:30:06,0.0
4177,10,-695,-59,102,63,2024-01-24 15:30:06,0.0
4610,-87,-594,167,118,-20,2024-01-24 15:30:06,0.0
4220,186,-684,247,-11,-155,2024-01-24 15:30:06,0.0
4247,216,-724,220,169,-105,2024-01-24 15:30:06,0.0
4227,350,-768,100,71,-78,2024-01-24 15:30:06,0.0
4272,221,-892,17,-113,8,2024-01-24 15:30:06,0.0
4181,201,-1025,-22,58,8,2024-01-24 15:30:06,0.0
4317,126,-1125,-7,0,67,2024-01-24 15:30:06,0.0
4209,18,-878,14,73,82,2024-01-24 15:30:06,0.0
3890,-44,-505,94,-493,60,2024-01-24 15:30:06,
4355,-96,-1198,216,-775,107,2024-01-24 15:30:06,0.0
3591,-64,-915,252,-862,134,2024-01-24 15:30:06,0.0
4036,-249,-1339,307,-1103,166,2024-01-24 15:30:06,0.0
3957,-302,-1698,399,-1452,27,2024-01-24 15:30:07,0.0
3351,7,-1485,467,-748,79,2024-01-24 15:30:07,0.0
3360,-147,-1931,346,-1725,221,2024-01-24 15:30:07,0.0
3109,-263,-2156,320,-1527,288,2024-01-24 15:30:07,0.0
2963,-168,-2266,325,-1383,353,2024-01-24 15:30:07,0.0
3056,-707,-2517,234,-1204,462,2024-01-24 15:30:07,0.0
2562,-1015,-2875,462,-1991,543,2024-01-24 15:30:07,0.0
2581,-953,-3042,377,-1871,376,2024-01-24 15:30:07,0.0
2658,-988,-3925,279,-2347,289,2024-01-24 15:30:07,0.0
1937,-1003,-3939,203,-1151,160,2024-01-24 15:30:07,0.0
1598,-1453,-3941,189,-1223,160,2024-01-24 15:30:07,0.0
1181,-1410,-4236,307,-1057,75,2024-01-24 15:30:07,0.0
857,-1255,-4092,72,-1110,-57,2024-01-24 15:30:07,0.0
597,-1467,-4384,93,-755,-223,2024-01-24 15:30:07,0.0
505,-1623,-4484,21,-730,-208,2024-01-24 15:30:07,0.0
491,-1551,-5221,87,-128,-267,2024-01-24 15:30:07,0.0
447,-1950,-5612,7,365,-170,2024-01-24 15:30:07,0.0
595,-1862,-5746,-172,716,-60,2024-01-24 15:30:08,0.0
994,-1616,-5044,-343,1253,-132,2024-01-24 15:30:08,0.0
1337,-1407,-4138,-479,1673,-271,2024-01-24 15:30:08,0.0
1711,-1113,-3779,-433,1599,-342,2024-01-24 15:30:08,0.0
2166,-843,-4005,-440,1735,-390,2024-01-24 15:30:08,0.0
2476,-745,-3833,-521,1595,-291,2024-01-24 15:30:08,0.0
2722,-580,-3315,-629,1523,-194,2024-01-24 15:30:08,0.0
2935,-367,-2831,-647,1380,-190,2024-01-24 15:30:08,0.0
3222,-299,-2547,-625,1120,-191,2024-01-24 15:30:08,0.0
3194,-199,-2247,-494,1219,-58,2024-01-24 15:30:08,0.0
3111,-243,-2001,-458,1000,-120,2024-01-24 15:30:08,0.0
3318,-187,-1898,-253,812,-54,2024-01-24 15:30:08,0.0
3259,-256,-1999,-98,881,-88,2024-01-24 15:30:08,0.0
3285,-329,-1652,137,1109,-139,2024-01-24 15:30:08,0.0
3764,-669,-1476,427,818,-192,2024-01-24 15:30:08,0.0
3727,-193,-1485,536,671,-313,2024-01-24 15:30:08,0.0
3791,156,-1346,426,415,-205,2024-01-24 15:30:08,0.0
3919,474,-1548,-11,355,-104,2024-01-24 15:30:08,0.0
4031,61,-1599,-333,128,-44,2024-01-24 15:30:09,0.0
4486,69,-1176,-156,307,71,2024-01-24 15:30:09,0.0
3984,207,-1081,-460,306,71,2024-01-24 15:30:09,0.0
4024,96,-1053,-463,-99,91,2024-01-24 15:30:09,0.0
4479,-262,-1288,-316,158,105,2024-01-24 15:30:09,0.0
4135,-83,-975,-161,79,67,2024-01-24 15:30:09,0.0
4083,-14,-913,-40,45,27,2024-01-24 15:30:09,0.0
4413,3,-892,45,70,-34,2024-01-24 15:30:09,0.0
4104,117,-638,79,-101,-90,2024-01-24 15:30:09,0.0
4279,156,-820,13,-51,-43,2024-01-24 15:30:09,0.0
4416,95,-991,-117,-49,-43,2024-01-24 15:30:09,0.0
4173,76,-881,-220,-96,22,2024-01-24 15:30:09,0.0
4381,65,-986,-251,62,68,2024-01-24 15:30:09,0.0
4226,8,-909,-232,111,35,2024-01-24 15:30:09,0.0
4259,105,-1058,-223,65,40,2024-01-24 15:30:09,0.0
4037,20,-1144,-151,-66,45,2024-01-24 15:30:09,0.0
4021,-116,-1324,13,-186,92,2024-01-24 15:30:09,0.0
4135,-21,-1510,105,-486,116,2024-01-24 15:30:10,0.0
3498,-30,-1113,93,-592,-28,2024-01-24 15:30:10,0.0
3891,38,-1417,147,-1267,43,2024-01-24 15:30:10,0.0
3242,-318,-1256,307,-1452,17,2024-01-24 15:30:10,0.0
4105,216,-1798,297,-1551,-54,2024-01-24 15:30:10,0.0
3660,-204,-2081,475,-1888,208,2024-01-24 15:30:10,0.0
4037,92,-2868,382,-849,-33,2024-01-24 15:30:10,0.0
3133,-310,-2303,418,-1117,234,2024-01-24 15:30:10,0.0
2573,-388,-2265,474,-1445,191,2024-01-24 15:30:10,0.0
3370,-468,-3521,441,-1453,377,2024-01-24 15:30:10,0.0
2245,-631,-2762,354,-1009,466,2024-01-24 15:30:10,0.0
2417,-767,-3583,130,-1810,401,2024-01-24 15:30:10,0.0
2206,-980,-3903,247,-1684,304,2024-01-24 15:30:10,0.0
1839,-1025,-3657,394,-1253,83,2024-01-24 15:30:10,0.0
1290,-1233,-4000,257,-1207,92,2024-01-24 15:30:10,0.0
1342,-1261,-4158,333,-569,-55,2024-01-24 15:30:10,0.0
1140,-1577,-4559,338,-186,-112,2024-01-24 15:30:10,0.0
944,-1484,-4030,410,154,-183,2024-01-24 15:30:10,0.0
957,-1435,-4166,263,156,-317,2024-01-24 15:30:11,0.0
1019,-1521,-4238,74,-222,-246,2024-01-24 15:30:11,0.0
1036,-1588,-4341,94,-233,-79,2024-01-24 15:30:11,0.0
1159,-1731,-4624,15,-113,-10,2024-01-24 15:30:11,0.0
1126,-1739,-4651,-60,-44,58,2024-01-24 15:30:11,0.0
1212,-1802,-4815,-200,232,52,2024-01-24 15:30:11,0.0
1222,-1627,-4585,-335,284,133,2024-01-24 15:30:11,0.0
1290,-1556,-4408,-409,542,102,2024-01-24 15:30:11,0.0
1401,-1353,-4103,-426,762,56,2024-01-24 15:30:11,0.0
1707,-1169,-4014,-519,849,-54,2024-01-24 15:30:11,0.0
1826,-1350,-3927,-532,791,-54,2024-01-24 15:30:11,0.0
2091,-893,-3664,-557,1016,-48,2024-01-24 15:30:11,0.0
2218,-853,-3638,-609,1084,-94,2024-01-24 15:30:11,0.0
2334,-682,-3412,-649,1191,-109,2024-01-24 15:30:11,0.0
2550,-492,-3107,-622,1169,-115,2024-01-24 15:30:11,0.0
2788,-207,-2838,-570,1392,-97,2024-01-24 15:30:11,0.0
2828,4,-2740,-642,1113,-23,2024-01-24 15:30:11,0.0
3490,-329,-2650,-482,1246,116,2024-01-24 15:30:11,0.0
3578,-231,-2400,-410,1450,-1,2024-01-24 15:30:12,0.0
3399,41,-1837,-433,1429,-101,2024-01-24 15:30:12,0.0
3578,-261,-1921,-333,1180,9,2024-01-24 15:30:12,0.0
3679,83,-1436,-246,1217,-200,2024-01-24 15:30:12,0.0
3524,15,-1404,-175,799,-66,2024-01-24 15:30:12,0.0
3776,154,-1243,-289,604,-206,2024-01-24 15:30:12,0.0
3898,-36,-1208,-204,-121,-36,2024-01-24 15:30:12,0.0
4440,126,-1839,-268,-205,-26,2024-01-24 15:30:12,0.0
4165,211,-1377,-382,690,-94,2024-01-24 15:30:12,
4341,-103,-1041,-194,318,18,2024-01-24 15:30:12,0.0
4191,55,-844,-33,173,17,2024-01-24 15:30:12,0.0
4149,231,-645,-67,166,-1,2024-01-24 15:30:12,0.0
4132,264,-802,-115,6,46,2024-01-24 15:30:12,0.0
4213,275,-1040,-173,28,95,2024-01-24 15:30:12,0.0
4327,239,-725,-280,136,108,2024-01-24 15:30:12,0.0
4381,-44,-254,-115,140,88,2024-01-24 15:30:12,0.0
4300,-63,-515,120,-4,17,2024-01-24 15:30:12,0.0
4309,139,-618,156,22,-61,2024-01-24 15:30:13,0.0
4181,241,-732,118,-65,-14,2024-01-24 15:30:13,0.0
4248,233,-763,-13,-76,25,2024-01-24 15:30:13,0.0
4237,180,-655,-87,-158,40,2024-01-24 15:30:13,0.0
4294,115,-763,-88,-139,40,2024-01-24 15:30:13,0.0
4226,96,-908,-1,-277,36,2024-01-24 15:30:13,0.0
4230,138,-1061,46,-301,43,2024-01-24 15:30:13,0.0
4215,35,-1316,150,-363,48,2024-01-24 15:30:13,0.0
4072,70,-1354,209,-310,48,2024-01-24 15:30:13,0.0
3688,100,-1513,219,-811,73,2024-01-24 15:30:13,0.0
3379,147,-1434,280,-796,107,2024-01-24 15:30:13,0.0
3443,-494,-1556,528,-1858,153,2024-01-24 15:30:13,0.0
3294,-122,-2070,661,-1668,-115,2024-01-24 15:30:13,0.0
3915,100,-2001,554,-1637,-33,2024-01-24 15:30:13,0.0
3602,-366,-2880,593,-1806,128,2024-01-24 15:30:13,0.0
3029,469,-2513,224,-554,-3,2024-01-24 15:30:13,0.0
3558,-502,-3020,226,-942,529,2024-01-24 15:30:13,0.0
2654,-693,-2773,132,-887,112,2024-01-24 15:30:13,0.0
2555,-779,-3041,471,-1322,205,2024-01-24 15:30:14,0.0
2339,-627,-3152,508,-1052,197,2024-01-24 15:30:14,0.0
2251,-965,-3810,496,-1315,217,2024-01-24 15:30:14,0.0
1902,-999,-3663,414,-1283,121,2024-01-24 15:30:14,0.0
1761,-1129,-4117,409,-1334,11,2024-01-24 15:30:14,0.0
1381,-1303,-4157,278,-1086,71,2024-01-24 15:30:14,0.0
1231,-1510,-4262,194,-1283,-32,2024-01-24 15:30:14,0.0
719,-1311,-4242,365,-737,-9,2024-01-24 15:30:14,0.0
479,-1674,-4083,182,-952,-58,2024-01-24 15:30:16,0.0
408,-1497,-4100,221,-651,-82,2024-01-24 15:30:16,0.0
444,-1851,-4141,-84,-277,-139,2024-01-24 15:30:16,0.0
258,-1616,-4506,9,-87,-103,2024-01-24 15:30:16,0.0
383,-1956,-4900,-60,137,-99,2024-01-24 15:30:16,0.0
361,-1910,-5212,-121,453,-80,2024-01-24 15:30:16,0.0
844,-2006,-5122,-219,859,12,2024-01-24 15:30:16,0.0
1033,-1478,-4755,-356,1080,79,2024-01-24 15:30:16,0.0
1411,-1576,-4374,-439,1336,48,2024-01-24 15:30:16,0.0
4396,79,-652,-48,63,-14,2024-01-24 15:30:16,0.0
4218,115,-582,-51,-30,-19,2024-01-24 15:30:16,0.0
4292,172,-596,-73,-42,14,2024-01-24 15:30:16,0.0
4191,71,-680,-45,-194,27,2024-01-24 15:30:16,0.0
4321,93,-773,48,-201,24,2024-01-24 15:30:16,0.0
4133,174,-910,101,-326,30,2024-01-24 15:30:16,0.0
4305,157,-1064,164,-271,46,2024-01-24 15:30:16,0.0
4124,27,-978,254,-322,60,2024-01-24 15:30:16,0.0
4091,-7,-1036,369,-409,83,2024-01-24 15:30:16,0.0
4183,65,-1474,389,-535,124,2024-01-24 15:30:16,0.0
3920,135,-1099,255,-325,1,2024-01-24 15:30:16,0.0
3919,141,-1423,177,-1039,211,2024-01-24 15:30:16,0.0
3528,54,-1240,144,-1028,220,2024-01-24 15:30:16,0.0
4445,-633,-1885,91,-1187,189,2024-01-24 15:30:16,0.0
3458,-218,-1704,397,-1112,128,2024-01-24 15:30:17,0.0
3544,-146,-2338,270,-1306,126,2024-01-24 15:30:17,0.0
3058,-354,-2150,269,-1221,293,2024-01-24 15:30:17,0.0
2559,-468,-2341,413,-1508,266,2024-01-24 15:30:17,0.0
2732,-326,-2753,470,-1404,295,2024-01-24 15:30:17,0.0
2294,-638,-2847,657,-1877,392,2024-01-24 15:30:17,0.0
2609,-1023,-3389,496,-1896,315,2024-01-24 15:30:17,0.0
2449,-670,-3916,929,-1785,288,2024-01-24 15:30:17,0.0
2118,-1544,-4129,80,-1353,74,2024-01-24 15:30:17,0.0
1521,-1385,-4059,288,-972,-118,2024-01-24 15:30:17,0.0
1478,-1637,-4060,68,-414,-260,2024-01-24 15:30:17,0.0
1300,-1646,-3974,199,-427,-249,2024-01-24 15:30:19,0.0
1162,-1602,-4062,38,-312,-211,2024-01-24 15:30:19,0.0
1105,-1753,-4326,51,-36,-137,2024-01-24 15:30:19,0.0
1022,-1708,-4477,-97,46,-14,2024-01-24 15:30:19,0.0
1301,-1825,-5017,-142,102,86,2024-01-24 15:30:19,0.0
1356,-1931,-5174,-247,158,200,2024-01-24 15:30:19,0.0
1327,-1618,-5055,-284,269,241,2024-01-24 15:30:19,0.0
1503,-1526,-4751,-377,623,221,2024-01-24 15:30:19,0.0
1561,-1293,-4343,-341,882,162,2024-01-24 15:30:19,0.0
4266,291,-652,-219,-84,141,2024-01-24 15:30:19,0.0
4263,207,-388,-211,83,50,2024-01-24 15:30:19,0.0
4145,129,-452,-22,-147,33,2024-01-24 15:30:19,0.0
4400,222,-566,73,-119,12,2024-01-24 15:30:19,0.0
4387,155,-610,137,133,-7,2024-01-24 15:30:19,0.0
4259,281,-509,161,10,-12,2024-01-24 15:30:19,0.0
4416,325,-493,124,1,-1,2024-01-24 15:30:19,0.0
4123,431,-543,48,-95,15,2024-01-24 15:30:19,0.0
4261,425,-601,-99,-84,24,2024-01-24 15:30:19,0.0
4007,451,-355,-198,-417,80,2024-01-24 15:30:19,0.0
4399,287,-889,-214,-624,94,2024-01-24 15:30:19,0.0
4358,232,-940,-194,-518,87,2024-01-24 15:30:19,0.0
4287,147,-1140,-157,-353,78,2024-01-24 15:30:19,0.0
4147,85,-1184,-37,-216,67,2024-01-24 15:30:19,0.0
4070,17,-1397,74,-298,75,2024-01-24 15:30:20,0.0
4386,130,-1542,126,65,14,2024-01-24 15:30:20,0.0
3880,-54,-995,116,56,61,2024-01-24 15:30:20,0.0
3583,267,-764,198,-766,276,2024-01-24 15:30:20,0.0
4330,-37,-1932,272,-949,430,2024-01-24 15:30:20,0.0
3875,-17,-1583,252,-695,296,2024-01-24 15:30:20,0.0
3880,64,-2105,251,-645,77,2024-01-24 15:30:20,0.0
3087,-354,-1430,348,-634,41,2024-01-24 15:30:20,0.0
3519,6,-2323,359,-1421,-99,2024-01-24 15:30:20,
2774,-254,-1550,297,-908,-3,2024-01-24 15:30:20,0.0
3674,-578,-2262,264,-1287,-53,2024-01-24 15:30:20,0.0
2770,-37,-2292,410,-1216,245,2024-01-24 15:30:20,0.0
4022,-789,-3276,312,-1235,264,2024-01-24 15:30:20,0.0
1769,-947,-2295,671,-1638,473,2024-01-24 15:30:20,0.0
3081,-857,-3763,516,-2340,178,2024-01-24 15:30:20,0.0
2423,-905,-4061,336,-2590,-77,2024-01-24 15:30:20,0.0
1951,-1409,-4017,755,-1337,13,2024-01-24 15:30:20,0.0
1504,-1107,-3908,580,-748,115,2024-01-24 15:30:21,0.0
1273,-1344,-4403,265,-329,35,2024-01-24 15:30:22,0.0
1026,-1260,-4348,139,-292,-10,2024-01-24 15:30:22,0.0
1037,-1556,-4234,-81,-157,-4,2024-01-24 15:30:22,0.0
1123,-1601,-4316,11,8,-41,2024-01-24 15:30:22,0.0
1094,-1492,-4434,-72,286,-76,2024-01-24 15:30:22,0.0
1402,-1762,-4889,-76,391,-62,2024-01-24 15:30:22,0.0
1551,-1762,-5089,-160,417,24,2024-01-24 15:30:22,0.0
1816,-1645,-4909,-267,541,4,2024-01-24 15:30:22,0.0
1920,-1388,-4386,-331,737,7,2024-01-24 15:30:22,0.0
3810,301,-1292,-49,1131,-237,2024-01-24 15:30:22,0.0
3845,454,-1104,44,526,-128,2024-01-24 15:30:22,0.0
4074,179,-1099,84,146,-136,2024-01-24 15:30:22,0.0
4183,608,-1143,-65,-61,-28,2024-01-24 15:30:22,0.0
4160,464,-1134,-158,297,100,2024-01-24 15:30:22,0.0
4298,298,-876,-157,264,18,2024-01-24 15:30:22,0.0
4232,387,-882,-85,299,-6,2024-01-24 15:30:22,0.0
4071,491,-465,-40,160,6,2024-01-24 15:30:22,0.0
4309,377,-551,-37,109,5,2024-01-24 15:30:22,0.0
4283,374,-649,-3,-122,4,2024-01-24 15:30:22,0.0
4278,329,-603,22,-68,4,2024-01-24 15:30:22,0.0
4183,329,-687,79,-160,20,2024-01-24 15:30:22,0.0
4392,383,-727,82,-151,22,2024-01-24 15:30:22,0.0
4114,385,-588,76,-30,-1,2024-01-24 15:30:23,0.0
4166,343,-856,132,-249,60,2024-01-24 15:30:23,0.0
4337,443,-857,76,-91,31,2024-01-24 15:30:23,0.0
4192,318,-828,99,-146,85,2024-01-24 15:30:23,0.0
4186,355,-730,97,35,40,2024-01-24 15:30:23,0.0
3980,267,-799,129,-467,123,2024-01-24 15:30:23,0.0
4415,255,-1251,121,-364,101,2024-01-24 15:30:23,0.0
3880,294,-1116,80,-446,127,2024-01-24 15:30:23,0.0
3947,92,-1605,75,-766,209,2024-01-24 15:30:23,0.0
4058,-179,-1681,200,-602,230,2024-01-24 15:30:23,0.0
3926,-172,-1820,265,-624,151,2024-01-24 15:30:23,0.0
3072,62,-1258,481,-722,244,2024-01-24 15:30:23,0.0
3425,-322,-1849,416,-1082,137,2024-01-24 15:30:23,0.0
2764,165,-1413,494,-2272,430,2024-01-24 15:30:23,0.0
4227,-753,-2816,574,-1818,131,2024-01-24 15:30:23,0.0
2941,-299,-2007,523,-1000,39,2024-01-24 15:30:23,0.0
2748,-284,-2733,533,-2196,207,2024-01-24 15:30:23,0.0
3468,-725,-3815,396,-1388,296,2024-01-24 15:30:23,0.0
1925,-1127,-2792,216,-1043,238,2024-01-24 15:30:24,0.0
2657,-711,-3685,329,-1420,129,2024-01-24 15:30:24,0.0
2250,-1328,-3575,111,-377,-62,2024-01-24 15:30:24,0.0
1869,-726,-4285,200,-765,-3,2024-01-24 15:30:24,0.0
1902,-1564,-4219,179,-376,-111,2024-01-24 15:30:24,0.0
1685,-1094,-4294,264,-303,-70,2024-01-24 15:30:24,0.0
1718,-1310,-4430,89,-283,-121,2024-01-24 15:30:24,0.0
1725,-1339,-4370,15,-10,-113,2024-01-24 15:30:24,0.0
1704,-1321,-4353,-26,-27,-52,2024-01-24 15:30:24,0.0
1863,-1455,-4737,-19,96,-15,2024-01-24 15:30:24,0.0
2035,-1462,-4881,-149,235,32,2024-01-24 15:30:24,0.0
2065,-1386,-4758,-237,450,34,2024-01-24 15:30:24,0.0
2308,-1280,-4562,-396,831,16,2024-01-24 15:30:24,0.0
2452,-1073,-4231,-398,1054,-2,2024-01-24 15:30:24,0.0
2679,-1026,-3835,-377,1102,-44,2024-01-24 15:30:24,0.0
2921,-757,-3536,-571,1036,-111,2024-01-24 15:30:24,0.0
2858,-634,-3021,-581,1358,-196,2024-01-24 15:30:24,0.0
2713,-397,-2742,-586,1137,-158,2024-01-24 15:30:25,0.0
3099,-176,-2562,-644,1150,-198,2024-01-24 15:30:25,0.0
3010,256,-2218,-721,1049,-38,2024-01-24 15:30:25,0.0
2985,-80,-2007,-796,1016,61,2024-01-24 15:30:25,0.0
3211,-60,-1990,-534,916,142,2024-01-24 15:30:25,0.0
3786,-133,-2047,-475,863,97,2024-01-24 15:30:25,0.0
3540,-47,-1706,-415,885,-7,2024-01-24 15:30:25,0.0
3422,-18,-1380,-321,572,6,2024-01-24 15:30:25,0.0
3791,-138,-1480,-445,365,7,2024-01-24 15:30:25,0.0
3913,145,-1480,-454,520,-59,2024-01-24 15:30:25,0.0
3923,-154,-1523,-398,454,-155,2024-01-24 15:30:25,0.0
4071,-38,-1342,-25,359,-132,2024-01-24 15:30:25,0.0
4239,41,-1196,-97,412,-215,2024-01-24 15:30:25,0.0
3998,224,-939,-36,234,-83,2024-01-24 15:30:25,0.0
4213,342,-1067,-57,-17,-6,2024-01-24 15:30:25,0.0
4292,388,-1182,-110,170,9,2024-01-24 15:30:25,0.0
4147,277,-811,-94,132,43,2024-01-24 15:30:25,0.0
4321,251,-874,-57,132,-16,2024-01-24 15:30:25,0.0
4232,400,-888,-45,33,15,2024-01-24 15:30:26,0.0
4270,241,-861,-51,90,10,2024-01-24 15:30:26,0.0
4224,247,-816,-12,92,0,2024-01-24 15:30:26,0.0
4183,242,-827,47,35,14,2024-01-24 15:30:26,0.0
4228,237,-742,74,-33,15,2024-01-24 15:30:26,0.0
4264,225,-716,136,-44,38,2024-01-24 15:30:26,0.0
4260,117,-679,214,-64,22,2024-01-24 15:30:26,0.0
4199,258,-747,287,-92,15,2024-01-24 15:30:26,0.0
4284,164,-838,337,-223,24,2024-01-24 15:30:26,0.0
4108,232,-915,314,-275,52,2024-01-24 15:30:26,0.0
4150,83,-1194,340,-444,79,2024-01-24 15:30:26,0.0
4036,99,-1294,339,-450,99,2024-01-24 15:30:26,0.0
3837,134,-1578,298,-806,155,2024-01-24 15:30:26,0.0
3594,-41,-1802,394,-1050,261,2024-01-24 15:30:26,0.0
3393,-189,-1964,350,-1196,171,2024-01-24 15:30:26,0.0
2896,-230,-1804,489,-1582,317,2024-01-24 15:30:26,
3094,41,-2070,175,-1211,4,2024-01-24 15:30:26,0.0
3279,-10,-2333,226,-1465,388,2024-01-24 15:30:27,0.0
2952,-334,-1939,187,-1021,505,2024-01-24 15:30:27,0.0
2418,-608,-2412,246,-1899,490,2024-01-24 15:30:27,0.0
3429,-736,-3293,-12,-2114,146,2024-01-24 15:30:27,0.0
2500,-779,-3414,361,-2251,272,2024-01-24 15:30:27,0.0
2824,-727,-4506,284,-1086,14,2024-01-24 15:30:27,0.0
1772,-1338,-3631,211,-942,-7,2024-01-24 15:30:27,0.0
1643,-949,-4720,472,-570,-133,2024-01-24 15:30:27,0.0
1444,-1311,-4228,327,-610,-203,2024-01-24 15:30:27,0.0
1226,-1153,-4823,435,-273,-141,2024-01-24 15:30:27,0.0
1328,-1438,-4635,121,-490,-125,2024-01-24 15:30:27,0.0
1102,-1195,-4453,122,-358,-161,2024-01-24 15:30:27,0.0
945,-1483,-4524,101,-285,-153,2024-01-24 15:30:27,0.0
1005,-1452,-4900,25,-147,-60,2024-01-24 15:30:27,0.0
1226,-1682,-5242,-97,354,-7,2024-01-24 15:30:27,0.0
1241,-1611,-5002,-238,501,101,2024-01-24 15:30:27,0.0
1595,-1246,-4970,-435,1063,12,2024-01-24 15:30:27,0.0
1775,-1244,-4292,-523,1530,-91,2024-01-24 15:30:27,0.0
2364,-1133,-4077,-477,1430,-137,2024-01-24 15:30:28,0.0
2556,-703,-3498,-603,1714,-166,2024-01-24 15:30:28,0.0
2373,-449,-2693,-811,1954,-198,2024-01-24 15:30:28,0.0
2703,-374,-2569,-839,1550,-191,2024-01-24 15:30:28,0.0
3245,53,-2613,-923,1755,-250,2024-01-24 15:30:28,0.0
3014,-136,-1735,-841,1737,-133,2024-01-24 15:30:28,0.0
3471,-183,-1879,-588,1314,110,2024-01-24 15:30:28,0.0
2806,12,-1145,-568,1584,-126,2024-01-24 15:30:28,0.0
2890,-519,-1122,-299,333,70,2024-01-24 15:30:28,0.0
4081,41,-2302,-132,-138,-48,2024-01-24 15:30:28,0.0
4131,-138,-1907,-56,897,-246,2024-01-24 15:30:28,0.0
4039,116,-1230,-42,581,-278,2024-01-24 15:30:28,0.0
3915,434,-1212,-220,410,-175,2024-01-24 15:30:28,0.0
4194,240,-1235,-380,202,-109,2024-01-24 15:30:28,0.0
4307,287,-1146,-497,405,-146,2024-01-24 15:30:28,0.0
4284,314,-874,-563,502,-41,2024-01-24 15:30:28,0.0
4037,374,-839,-535,207,38,2024-01-24 15:30:28,0.0
4401,320,-907,-458,69,64,2024-01-24 15:30:28,0.0
4176,686,-1044,-331,-42,175,2024-01-24 15:30:29,0.0
4033,447,-768,-264,-7,150,2024-01-24 15:30:29,0.0
3850,194,-875,107,-144,120,2024-01-24 15:30:29,0.0
3661,-260,-732,545,-177,-24,2024-01-24 15:30:29,0.0
5911,953,-909,724,205,-141,2024-01-24 15:30:29,0.0
3196,757,-510,240,-7,10,2024-01-24 15:30:29,0.0
4545,472,-689,7,-3,21,2024-01-24 15:30:29,0.0
4358,231,-639,-28,-15,100,2024-01-24 15:30:29,0.0
4049,217,-714,-19,-157,4,2024-01-24 15:30:29,0.0
4271,371,-751,-29,-145,47,2024-01-24 15:30:29,0.0
4236,140,-910,-43,-138,41,2024-01-24 15:30:29,0.0
4276,237,-962,3,-158,62,2024-01-24 15:30:29,0.0
4243,102,-936,64,-167,97,2024-01-24 15:30:29,0.0
4230,148,-1147,126,-379,78,2024-01-24 15:30:29,0.0
4041,117,-951,112,-24,39,2024-01-24 15:30:29,0.0
3889,167,-902,202,-950,177,2024-01-24 15:30:29,0.0
4275,100,-1551,266,-713,163,2024-01-24 15:30:29,0.0
3641,38,-1270,261,-965,174,2024-01-24 15:30:30,0.0
3545,203,-1856,199,-1272,227,2024-01-24 15:30:30,0.0
3308,-186,-1946,172,-1822,296,2024-01-24 15:30:30,0.0
3265,-255,-2347,246,-1685,226,2024-01-24 15:30:30,0.0
3351,-246,-2488,91,-1733,288,2024-01-24 15:30:30,0.0
2918,-566,-2915,59,-1903,357,2024-01-24 15:30:30,0.0
2700,-489,-2706,151,-1170,141,2024-01-24 15:30:30,0.0
2171,-627,-3129,522,-1516,127,2024-01-24 15:30:30,0.0
2329,-409,-3309,660,-992,46,2024-01-24 15:30:30,0.0
1530,-466,-3728,317,-1689,-16,2024-01-24 15:30:30,0.0
2501,-946,-4089,362,-1878,-147,2024-01-24 15:30:30,0.0
1539,-1050,-4330,480,-988,-124,2024-01-24 15:30:30,0.0
1209,-1782,-4485,552,-758,-135,2024-01-24 15:30:30,0.0
572,-1205,-4688,754,-1190,45,2024-01-24 15:30:30,0.0
498,-1665,-4506,381,-697,-23,2024-01-24 15:30:30,0.0
523,-1438,-4437,136,-636,-59,2024-01-24 15:30:30,0.0
180,-1495,-4141,131,-344,-89,2024-01-24 15:30:30,0.0
197,-1621,-4316,42,-190,-107,2024-01-24 15:30:31,0.0
145,-1693,-4546,9,-20,-81,2024-01-24 15:30:31,0.0
244,-1957,-5021,-128,277,1,2024-01-24 15:30:31,0.0
347,-1786,-5152,-240,677,104,2024-01-24 15:30:31,0.0
542,-1648,-4631,-282,929,97,2024-01-24 15:30:31,0.0
1109,-1389,-4408,-421,1417,33,2024-01-24 15:30:31,0.0
1473,-1214,-3962,-459,1694,-56,2024-01-24 15:30:31,0.0
1692,-1203,-3822,-782,1779,-209,2024-01-24 15:30:31,0.0
1933,-1113,-3312,-724,1890,-282,2024-01-24 15:30:31,0.0
2105,-809,-3067,-854,1691,-412,2024-01-24 15:30:31,0.0
2847,-355,-3089,-671,1665,-240,2024-01-24 15:30:31,0.0
3078,-176,-2882,-821,1861,2,2024-01-24 15:30:31,0.0
3045,-440,-2377,-695,1623,130,2024-01-24 15:30:31,0.0
3405,-632,-1960,-606,1302,-38,2024-01-24 15:30:31,0.0
3635,-344,-1965,-338,1195,-141,2024-01-24 15:30:31,0.0
3501,-31,-1659,-359,867,-258,2024-01-24 15:30:31,0.0
3309,311,-1539,-137,807,-104,2024-01-24 15:30:31,0.0
3829,361,-1526,-256,268,25,2024-01-24 15:30:31,0.0
3737,295,-1682,-393,384,29,2024-01-24 15:30:32,0.0
3961,-294,-1434,-333,157,-31,2024-01-24 15:30:32,0.0
4072,106,-1694,-142,348,-135,2024-01-24 15:30:32,0.0
4218,568,-1787,-512,118,122,2024-01-24 15:30:32,0.0
3996,-19,-972,-527,500,6,2024-01-24 15:30:32,0.0
4265,-16,-934,-336,193,132,2024-01-24 15:30:32,0.0
4191,185,-901,-407,392,-57,2024-01-24 15:30:32,0.0
4250,391,-972,-113,86,68,2024-01-24 15:30:32,0.0
4009,85,-1024,9,74,-13,2024-01-24 15:30:32,0.0
4046,241,-1068,254,-112,-81,2024-01-24 15:30:32,0.0
4075,18,-1067,354,-211,-155,2024-01-24 15:30:32,
4517,631,-1040,264,17,-109,2024-01-24 15:30:32,0.0
4211,389,-773,5,-130,14,2024-01-24 15:30:32,0.0
4137,23,-828,-97,-154,13,2024-01-24 15:30:32,0.0
4370,172,-1025,-59,-92,15,2024-01-24 15:30:32,0.0
4169,192,-1051,-79,-103,27,2024-01-24 15:30:32,0.0
4188,255,-987,-38,-73,45,2024-01-24 15:30:32,0.0
4157,262,-965,-77,-219,38,2024-01-24 15:30:33,0.0
4215,167,-1142,-36,-336,10,2024-01-24 15:30:33,0.0
4181,168,-1210,1,-230,-28,2024-01-24 15:30:33,0.0
4133,211,-1310,40,-258,21,2024-01-24 15:30:33,0.0
4132,162,-1386,18,-223,19,2024-01-24 15:30:33,0.0
4175,165,-1526,30,-265,76,2024-01-24 15:30:33,0.0
4104,144,-1771,28,-191,69,2024-01-24 15:30:33,0.0
3921,35,-2105,65,-191,121,2024-01-24 15:30:33,0.0
3456,-109,-1857,171,-225,94,2024-01-24 15:30:33,0.0
2988,-37,-1613,305,-1238,144,2024-01-24 15:30:33,0.0
3319,-189,-1622,403,-1669,-3,2024-01-24 15:30:33,0.0
4060,-78,-2173,812,-1424,-88,2024-01-24 15:30:33,0.0
2809,325,-2351,753,-2096,113,2024-01-24 15:30:33,0.0
3423,418,-2753,337,-1879,113,2024-01-24 15:30:33,0.0
3238,-472,-3826,131,-2284,379,2024-01-24 15:30:33,0.0
2506,-408,-3463,187,-1277,166,2024-01-24 15:30:33,0.0
1916,-804,-3242,249,-1639,74,2024-01-24 15:30:33,0.0
1464,-545,-3647,519,-1606,99,2024-01-24 15:30:33,0.0
2100,-643,-4576,416,-761,47,2024-01-24 15:30:34,0.0
720,-782,-3209,380,163,-40,2024-01-24 15:30:34,0.0
1525,-684,-4018,369,-1661,-112,2024-01-24 15:30:34,0.0
1050,-1258,-3815,455,-1302,-60,2024-01-24 15:30:34,0.0
651,-1032,-3813,229,-1279,-213,2024-01-24 15:30:34,0.0
543,-1419,-4060,140,-868,-242,2024-01-24 15:30:34,0.0
39,-1616,-4202,123,-590,-154,2024-01-24 15:30:34,0.0
-31,-1504,-4575,93,-332,-76,2024-01-24 15:30:34,0.0
-129,-1582,-4222,61,-132,-81,2024-01-24 15:30:34,0.0
-72,-1667,-4731,-22,110,-31,2024-01-24 15:30:34,0.0
-99,-1810,-4938,-11,15,-69,2024-01-24 15:30:34,0.0
-66,-2116,-5568,-182,233,-37,2024-01-24 15:30:34,0.0
34,-1756,-5533,-102,347,22,2024-01-24 15:30:34,0.0
530,-1545,-5105,-206,1139,-53,2024-01-24 15:30:34,0.0
864,-1338,-4452,-163,1339,-69,2024-01-24 15:30:34,0.0
1355,-1220,-4180,-205,1675,-198,2024-01-24 15:30:34,0.0
1767,-1254,-3980,-400,1805,-350,2024-01-24 15:30:34,0.0
2179,-1102,-3498,-567,1781,-437,2024-01-24 15:30:34,0.0
2301,-522,-3209,-654,1932,-494,2024-01-24 15:30:35,0.0
2455,-378,-2574,-770,1672,-286,2024-01-24 15:30:35,0.0
2801,96,-2694,-862,1301,-146,2024-01-24 15:30:35,0.0
3023,112,-2457,-806,1358,20,2024-01-24 15:30:35,0.0
2949,164,-2194,-697,1241,175,2024-01-24 15:30:35,0.0
3053,-96,-2144,-576,794,152,2024-01-24 15:30:35,0.0
3205,19,-2201,-487,871,-114,2024-01-24 15:30:35,0.0
3443,-56,-1916,-431,637,-98,2024-01-24 15:30:35,0.0
3769,55,-2242,-354,526,-23,2024-01-24 15:30:35,0.0
3863,-116,-2028,-376,1070,-108,2024-01-24 15:30:35,0.0
3995,129,-1690,-230,1064,-91,2024-01-24 15:30:35,0.0
3991,278,-1176,-100,1048,-70,2024-01-24 15:30:35,0.0
3719,290,-1218,-66,351,-35,2024-01-24 15:30:35,0.0
4091,182,-1445,26,25,-45,2024-01-24 15:30:35,0.0
4261,114,-1245,66,10,-88,2024-01-24 15:30:35,0.0
4030,519,-1039,-71,146,-4,2024-01-24 15:30:35,0.0
4250,299,-961,-175,-45,33,2024-01-24 15:30:35,0.0
4286,192,-899,-104,-10,-8,2024-01-24 15:30:36,0.0
4252,182,-851,21,-10,-9,2024-01-24 15:30:36,0.0
4222,213,-751,56,39,-33,2024-01-24 15:30:36,0.0
4424,252,-845,49,-5,6,2024-01-24 15:30:36,0.0
4179,288,-712,-23,73,12,2024-01-24 15:30:36,0.0
4133,181,-697,-92,-44,23,2024-01-24 15:30:36,0.0
4418,400,-854,-90,-159,20,2024-01-24 15:30:36,0.0
4158,277,-899,-105,-86,45,2024-01-24 15:30:36,0.0
4168,114,-1007,11,-262,31,2024-01-24 15:30:36,0.0
4113,318,-1048,55,-416,32,2024-01-24 15:30:36,0.0
4214,296,-1140,136,-664,5,2024-01-24 15:30:36,0.0
4017,272,-1594,162,-152,25,2024-01-24 15:30:36,0.0
4061,405,-1543,110,-287,42,2024-01-24 15:30:36,0.0
4088,244,-1408,18,-199,66,2024-01-24 15:30:36,0.0
3994,234,-1624,27,-487,119,2024-01-24 15:30:36,0.0
4015,241,-1764,-42,-366,201,2024-01-24 15:30:36,0.0
3798,-77,-2016,4,-436,214,2024-01-24 15:30:36,0.0
3410,10,-1362,101,-463,154,2024-01-24 15:30:36,0.0
3776,-63,-1781,268,-1317,269,2024-01-24 15:30:37,0.0
3806,72,-1700,242,-561,128,2024-01-24 15:30:37,0.0
3700,337,-2538,-78,-1431,260,2024-01-24 15:30:37,0.0
3007,-220,-3069,-215,-930,296,2024-01-24 15:30:37,0.0
2529,-688,-2625,-13,-1121,224,2024-01-24 15:30:37,0.0
2295,-793,-2223,403,-1136,26,2024-01-24 15:30:37,0.0
2408,-277,-2379,441,-1437,-174,2024-01-24 15:30:37,0.0
2126,-346,-2735,776,-1895,75,2024-01-24 15:30:37,0.0
3231,-1049,-4557,921,-2525,336,2024-01-24 15:30:37,0.0
2009,-880,-4161,660,-1745,190,2024-01-24 15:30:37,0.0
1743,-867,-4498,558,-1316,75,2024-01-24 15:30:37,0.0
1363,-1435,-3874,413,-1503,176,2024-01-24 15:30:37,0.0
649,-970,-4217,365,-1451,105,2024-01-24 15:30:37,0.0
415,-1504,-4214,188,-1444,106,2024-01-24 15:30:37,0.0
-66,-1187,-4064,39,-978,-16,2024-01-24 15:30:37,0.0
191,-1917,-4448,72,-456,-171,2024-01-24 15:30:37,0.0
-215,-1499,-4416,-136,-248,-111,2024-01-24 15:30:37,0.0
-403,-1749,-4119,61,-155,-187,2024-01-24 15:30:38,0.0
-281,-1714,-4410,-47,-10,-145,2024-01-24 15:30:38,0.0
-318,-1827,-4843,-100,232,-114,2024-01-24 15:30:38,0.0
-108,-1891,-5031,-118,528,-53,2024-01-24 15:30:38,0.0
230,-1650,-5228,-302,1022,28,2024-01-24 15:30:38,0.0
726,-1523,-4703,-352,1531,-80,2024-01-24 15:30:38,
984,-1221,-3992,-442,1905,-199,2024-01-24 15:30:38,0.0
1573,-1241,-4025,-516,1847,-313,2024-01-24 15:30:38,0.0
1706,-976,-3547,-600,1786,-246,2024-01-24 15:30:38,0.0
2138,-627,-3301,-616,1698,-300,2024-01-24 15:30:38,0.0
2226,-276,-3081,-796,1439,-210,2024-01-24 15:30:38,0.0
2949,-163,-3132,-744,1302,-17,2024-01-24 15:30:38,0.0
2882,-349,-2683,-634,1635,-35,2024-01-24 15:30:38,0.0
2651,-483,-2250,-472,1246,-11,2024-01-24 15:30:38,0.0
3308,-266,-2344,-183,922,8,2024-01-24 15:30:38,0.0
3337,-236,-2465,-381,922,-240,2024-01-24 15:30:38,0.0
3226,176,-2069,-408,1203,-195,2024-01-24 15:30:38,0.0
3489,202,-2098,-454,807,19,2024-01-24 15:30:38,0.0
3631,9,-1843,-494,896,67,2024-01-24 15:30:39,0.0
3947,-172,-1520,-389,459,-34,2024-01-24 15:30:39,0.0
4276,219,-1633,-309,514,-114,2024-01-24 15:30:39,0.0
3997,336,-1237,-330,676,-63,2024-01-24 15:30:39,0.0
4035,169,-955,-342,418,-76,2024-01-24 15:30:39,0.0
4285,221,-1188,-156,211,28,2024-01-24 15:30:39,0.0
4122,139,-1235,18,167,4,2024-01-24 15:30:39,0.0
3891,282,-1163,62,114,-82,2024-01-24 15:30:39,0.0
4123,430,-1169,43,-47,-41,2024-01-24 15:30:39,0.0
4244,400,-1043,-35,-78,22,2024-01-24 15:30:39,0.0
4136,371,-971,-155,34,22,2024-01-24 15:30:39,0.0
4383,95,-857,-88,-62,32,2024-01-24 15:30:39,0.0
4170,210,-797,-34,-87,-12,2024-01-24 15:30:39,0.0
4296,227,-1000,-40,-169,16,2024-01-24 15:30:39,0.0
4131,229,-987,-64,-34,-10,2024-01-24 15:30:39,0.0
4369,228,-1001,-69,73,16,2024-01-24 15:30:39,0.0
4176,231,-931,-110,92,18,2024-01-24 15:30:39,0.0
4223,298,-988,-135,77,59,2024-01-24 15:30:40,0.0
4214,204,-929,-109,63,38,2024-01-24 15:30:40,0.0
4195,141,-907,-15,-89,1,2024-01-24 15:30:40,0.0
4163,297,-994,49,-66,-1,2024-01-24 15:30:40,0.0
4103,283,-1030,23,-249,40,2024-01-24 15:30:40,0.0
4167,254,-1123,40,-326,55,2024-01-24 15:30:40,0.0
4302,186,-1209,14,-345,78,2024-01-24 15:30:40,0.0
4104,133,-1210,17,-259,80,2024-01-24 15:30:40,0.0
4042,151,-1328,74,-394,130,2024-01-24 15:30:40,0.0
4170,110,-1550,65,-398,139,2024-01-24 15:30:40,0.0
3948,119,-1629,104,-451,155,2024-01-24 15:30:40,0.0
3769,24,-1380,71,-349,94,2024-01-24 15:30:40,0.0
3833,22,-1978,166,-1099,209,2024-01-24 15:30:40,0.0
3608,-41,-2140,122,-611,141,2024-01-24 15:30:40,0.0
3263,-174,-1672,80,-995,64,2024-01-24 15:30:40,0.0
3081,-311,-2410,418,-1674,182,2024-01-24 15:30:40,0.0
3295,-36,-2450,221,-1212,56,2024-01-24 15:30:40,0.0
3090,-35,-2598,158,-1597,168,2024-01-24 15:30:40,0.0
2339,-298,-2565,181,-1392,218,2024-01-24 15:30:41,0.0
2671,-387,-2986,320,-1284,130,2024-01-24 15:30:41,0.0
2181,-264,-3019,367,-1246,257,2024-01-24 15:30:41,0.0
2283,-699,-3339,73,-1866,136,2024-01-24 15:30:41,0.0
1966,-643,-3669,288,-2249,-160,2024-01-24 15:30:41,0.0
1476,-1038,-4254,371,-1779,-45,2024-01-24 15:30:41,0.0
994,-832,-4269,368,-1874,-154,2024-01-24 15:30:41,0.0
773,-1179,-4427,420,-890,-266,2024-01-24 15:30:41,0.0
683,-850,-4623,263,-455,-244,2024-01-24 15:30:41,0.0
444,-1276,-4628,139,-240,-226,2024-01-24 15:30:41,0.0
248,-1469,-4923,64,-196,-201,2024-01-24 15:30:41,0.0
243,-1551,-5280,49,-76,-263,2024-01-24 15:30:41,0.0
333,-1557,-5804,-61,241,-140,2024-01-24 15:30:41,0.0
645,-1704,-5738,-148,977,-115,2024-01-24 15:30:41,0.0
972,-1257,-5351,-262,1389,8,2024-01-24 15:30:41,0.0
1160,-1244,-4424,-222,1398,-50,2024-01-24 15:30:41,0.0
2056,-1154,-4294,-318,2210,-305,2024-01-24 15:30:41,0.0
2093,-651,-3611,-498,1901,-245,2024-01-24 15:30:42,0.0
2353,-432,-3143,-584,1685,-185,2024-01-24 15:30:42,0.0
2480,-346,-2742,-771,1619,-227,2024-01-24 15:30:42,0.0
2597,167,-2484,-698,1377,-183,2024-01-24 15:30:42,0.0
2938,51,-2383,-753,1457,7,2024-01-24 15:30:42,0.0
2935,115,-2242,-742,1421,-37,2024-01-24 15:30:42,0.0
2790,-2,-1819,-702,1228,-77,2024-01-24 15:30:42,0.0
3229,-190,-1598,-542,624,198,2024-01-24 15:30:42,0.0
3388,363,-2264,-566,939,68,2024-01-24 15:30:42,0.0
4146,-65,-2195,-686,1214,132,2024-01-24 15:30:42,0.0
3854,-97,-1215,-385,1138,-93,2024-01-24 15:30:42,0.0
3835,89,-940,-92,408,-26,2024-01-24 15:30:42,0.0
4189,421,-1193,-81,-18,-75,2024-01-24 15:30:42,0.0
4183,402,-1349,-203,16,17,2024-01-24 15:30:42,0.0
4161,182,-997,-212,92,93,2024-01-24 15:30:42,0.0
4209,76,-1007,-148,129,83,2024-01-24 15:30:42,0.0
4388,85,-997,-100,267,36,2024-01-24 15:30:42,0.0
4094,107,-834,-55,80,17,2024-01-24 15:30:42,0.0
4186,124,-857,30,-29,-69,2024-01-24 15:30:43,0.0
4440,320,-863,87,104,-22,2024-01-24 15:30:43,0.0
4053,204,-974,79,-362,-6,2024-01-24 15:30:43,0.0
4311,315,-893,62,-117,12,2024-01-24 15:30:43,0.0
4182,271,-864,-10,-88,24,2024-01-24 15:30:43,0.0
4290,166,-923,15,-45,19,2024-01-24 15:30:43,0.0
4278,166,-960,62,33,-26,2024-01-24 15:30:43,0.0
4204,263,-989,62,4,-26,2024-01-24 15:30:43,0.0
4209,290,-945,38,4,-9,2024-01-24 15:30:43,0.0
4201,259,-955,-6,-30,11,2024-01-24 15:30:43,0.0
4219,151,-1025,12,-107,19,2024-01-24 15:30:43,0.0
4198,221,-968,39,-93,-6,2024-01-24 15:30:43,0.0
4190,193,-1064,93,-148,5,2024-01-24 15:30:43,0.0
4177,290,-1154,78,-111,-13,2024-01-24 15:30:43,0.0
4110,206,-1179,99,-248,43,2024-01-24 15:30:43,0.0
4228,183,-1320,86,-140,63,2024-01-24 15:30:43,0.0
4000,184,-1092,16,-116,66,2024-01-24 15:30:43,0.0
4077,211,-1124,42,-542,106,2024-01-24 15:30:44,
4183,102,-1318,29,-408,114,2024-01-24 15:30:44,0.0
3988,33,-1425,52,-465,104,2024-01-24 15:30:44,0.0
3875,10,-1560,99,-782,125,2024-01-24 15:30:44,0.0
3782,-48,-1632,169,-598,62,2024-01-24 15:30:44,0.0
3853,29,-2021,212,-1083,117,2024-01-24 15:30:44,0.0
3427,-526,-1941,377,-1025,36,2024-01-24 15:30:44,0.0
3264,-47,-2250,489,-952,27,2024-01-24 15:30:44,0.0
2964,158,-2122,284,-1467,105,2024-01-24 15:30:44,0.0
3175,-399,-2875,309,-1651,274,2024-01-24 15:30:44,0.0
2533,-686,-2455,295,-1677,159,2024-01-24 15:30:44,0.0
2444,-480,-3251,521,-1849,176,2024-01-24 15:30:44,0.0
2389,-681,-3394,427,-1510,114,2024-01-24 15:30:44,0.0
2074,-564,-3280,462,-946,206,2024-01-24 15:30:44,0.0
1686,-908,-3507,258,-1471,-28,2024-01-24 15:30:44,0.0
1650,-857,-4251,252,-1796,-57,2024-01-24 15:30:44,0.0
1180,-1301,-3957,80,-1592,48,2024-01-24 15:30:44,0.0
510,-1273,-4417,309,-1373,-159,2024-01-24 15:30:44,0.0
700,-1599,-4794,-17,-921,-95,2024-01-24 15:30:45,0.0
47,-1069,-4695,309,-719,-76,2024-01-24 15:30:45,0.0
78,-1480,-4635,123,-367,-54,2024-01-24 15:30:45,0.0
-48,-1320,-4561,63,-235,-65,2024-01-24 15:30:45,0.0
-127,-1339,-4578,-7,-56,-78,2024-01-24 15:30:45,0.0
-169,-1585,-4756,48,82,-59,2024-01-24 15:30:45,0.0
65,-1691,-5176,-89,409,28,2024-01-24 15:30:45,0.0
309,-1466,-5242,-90,930,70,2024-01-24 15:30:45,0.0
582,-1368,-4640,-195,1308,93,2024-01-24 15:30:45,0.0
995,-1136,-4403,-246,1559,25,2024-01-24 15:30:45,0.0
1467,-1134,-4054,-353,1616,-50,2024-01-24 15:30:45,0.0
1756,-1089,-3855,-390,1281,-117,2024-01-24 15:30:45,0.0
2020,-979,-3524,-572,1497,-247,2024-01-24 15:30:45,0.0
2145,-591,-3248,-566,1501,-264,2024-01-24 15:30:45,0.0
2378,-381,-3107,-634,1401,-250,2024-01-24 15:30:45,0.0
2852,-76,-3032,-705,1390,-174,2024-01-24 15:30:45,0.0
2737,-428,-2481,-686,1624,-98,2024-01-24 15:30:45,0.0
3091,-147,-2400,-565,1231,-33,2024-01-24 15:30:46,0.0
3250,-157,-2405,-551,1212,-109,2024-01-24 15:30:46,0.0
3050,-105,-1991,-339,1319,-36,2024-01-24 15:30:46,0.0
3461,73,-1697,-179,649,15,2024-01-24 15:30:46,0.0
3646,123,-2097,-241,497,-43,2024-01-24 15:30:46,0.0
3791,-315,-1834,-121,567,-183,2024-01-24 15:30:46,0.0
3932,-234,-1816,60,332,-299,2024-01-24 15:30:46,0.0
4209,491,-1674,-159,485,-226,2024-01-24 15:30:46,0.0
3899,371,-1242,-347,442,60,2024-01-24 15:30:46,0.0
4184,142,-1355,-452,372,-23,2024-01-24 15:30:46,0.0
4131,350,-1360,-369,350,35,2024-01-24 15:30:46,0.0
3988,245,-1024,-303,194,84,2024-01-24 15:30:46,0.0
4274,-22,-1091,-124,59,26,2024-01-24 15:30:46,0.0
4194,59,-1128,41,-81,56,2024-01-24 15:30:46,0.0
4154,263,-1002,119,73,2,2024-01-24 15:30:46,0.0
4224,375,-1066,124,144,43,2024-01-24 15:30:46,0.0
4261,426,-890,121,148,33,2024-01-24 15:30:46,0.0
4113,405,-918,81,79,13,2024-01-24 15:30:46,0.0
4451,378,-1102,19,70,-40,2024-01-24 15:30:47,0.0
4191,338,-856,-36,124,-9,2024-01-24 15:30:47,0.0
4135,359,-902,-56,37,-8,2024-01-24 15:30:47,0.0
4222,322,-824,-121,90,8,2024-01-24 15:30:47,0.0
4277,275,-884,-154,79,22,2024-01-24 15:30:47,0.0
4225,228,-872,-138,-34,47,2024-01-24 15:30:47,0.0
4188,270,-822,-115,-134,36,2024-01-24 15:30:47,0.0
4208,225,-883,-59,-204,72,2024-01-24 15:30:47,0.0
4132,265,-1141,-15,-316,76,2024-01-24 15:30:47,0.0
4197,251,-1282,13,-325,130,2024-01-24 15:30:47,0.0
3885,181,-1361,11,-448,185,2024-01-24 15:30:47,0.0
3794,84,-1133,68,-813,229,2024-01-24 15:30:47,0.0
4092,2,-1630,194,-1067,195,2024-01-24 15:30:47,0.0
3712,-370,-1731,381,-980,182,2024-01-24 15:30:47,0.0
2983,18,-1630,442,-1361,139,2024-01-24 15:30:47,0.0
3308,-51,-1949,474,-1592,270,2024-01-24 15:30:47,0.0
2976,-55,-2248,421,-1889,281,2024-01-24 15:30:47,0.0
3190,-250,-2549,320,-1367,245,2024-01-24 15:30:48,0.0
2645,-785,-2691,348,-1843,339,2024-01-24 15:30:48,0.0
2867,-635,-3287,321,-1809,290,2024-01-24 15:30:48,0.0
2571,-904,-3409,277,-1423,260,2024-01-24 15:30:48,0.0
2104,-796,-3667,209,-1239,-4,2024-01-24 15:30:48,0.0
2297,-962,-4147,-109,-973,-102,2024-01-24 15:30:48,0.0
1312,-722,-3567,27,-1206,-110,2024-01-24 15:30:48,0.0
1407,-1155,-4014,58,-1138,-59,2024-01-24 15:30:48,0.0
986,-1024,-4151,278,-851,-149,2024-01-24 15:30:48,0.0
667,-1163,-4760,48,-772,-179,2024-01-24 15:30:48,0.0
546,-1125,-4693,6,-522,-185,2024-01-24 15:30:48,0.0
409,-1227,-4684,110,-565,-153,2024-01-24 15:30:48,0.0
163,-1349,-4859,137,-559,-96,2024-01-24 15:30:48,0.0
200,-1569,-5239,86,-281,-85,2024-01-24 15:30:48,0.0
103,-1725,-5637,-101,-10,-4,2024-01-24 15:30:48,0.0
241,-1457,-5618,-102,288,24,2024-01-24 15:30:48,0.0
660,-1216,-5170,-258,1035,49,2024-01-24 15:30:48,0.0
891,-1067,-4608,-258,1430,28,2024-01-24 15:30:48,0.0
1266,-942,-3998,-314,1564,-72,2024-01-24 15:30:49,0.0
1867,-1008,-4442,-216,1730,-145,2024-01-24 15:30:49,0.0
2046,-702,-3909,-449,1881,-196,2024-01-24 15:30:49,0.0
2157,-594,-3123,-579,1862,-228,2024-01-24 15:30:49,0.0
2373,-499,-2705,-653,1768,-318,2024-01-24 15:30:49,0.0
2697,44,-2550,-778,1585,-247,2024-01-24 15:30:49,0.0
2966,189,-2230,-811,1529,-107,2024-01-24 15:30:49,0.0
2769,-44,-1918,-552,1628,116,2024-01-24 15:30:49,0.0
2963,-46,-1520,-327,981,145,2024-01-24 15:30:49,0.0
3579,-89,-1941,-307,744,174,2024-01-24 15:30:49,0.0
3780,-13,-1856,-472,998,-7,2024-01-24 15:30:49,0.0
3443,-168,-1579,-489,430,42,2024-01-24 15:30:49,0.0
3939,-99,-2098,-519,-106,84,2024-01-24 15:30:49,
